seed,control,variant,cumulative_return,max_drawdown,annualized_mean,annualized_volatility,sharpe,mean_turnover,annualized_cost_drag,mean_intended_max_abs_weight,max_intended_abs_weight,unfilled_orders,leakage_blocking,statistics_pass
200,null,clean,-0.06358513209137273,-0.1514854132329031,-0.028697900071566234,0.07993849115495887,-0.3589997716611393,0.4535256410256411,0.002862716763005781,0.05742521367521368,0.0625,4,False,False
200,null,period_end_leak,-0.16659099929492982,-0.17654979705248208,-0.08508384885351396,0.08218064039579476,-1.0353271578772922,0.3701923076923077,0.0023367052023121394,0.05742521367521368,0.0625,3,True,False
200,planted,clean,0.4329756037711576,-0.0637561376529,0.1784077634160682,0.08567634069154562,2.0823457441813122,0.4535256410256411,0.002862716763005781,0.05742521367521368,0.0625,4,False,False
200,planted,period_end_leak,0.7149198217035606,-0.04717031071496158,0.26614668052429874,0.09084217362345204,2.929770060627322,0.3701923076923077,0.0023367052023121394,0.05742521367521368,0.0625,3,True,True
200,planted,cost_0,0.44143289816797404,-0.06307578203907038,0.181270480179074,0.08571779039583988,2.1147358015410482,0.4535256410256411,0.0,0.05742521367521368,0.0625,4,False,False
200,planted,cost_10,0.4245637799313309,-0.06443631904353309,0.17554504665306245,0.08565106949838946,2.0495371240678235,0.4535256410256411,0.005725433526011561,0.05742521367521368,0.0625,4,False,False
200,planted,cost_25,0.39959890788329333,-0.06647581787626478,0.16695689636404512,0.08567242432570318,1.948782209422726,0.4535256410256411,0.014313583815028902,0.05742521367521368,0.0625,4,False,False
200,planted,extra_day,0.42959886432027816,-0.06975385920645161,0.17763392807893175,0.08610934606407353,2.06288790007481,0.4535256410256411,0.0028682432432432445,0.05742521367521368,0.0625,4,False,False
200,planted,quantile_10,0.5237881068726833,-0.08860771115272914,0.21171757230278587,0.11946563352538743,1.7722048262339325,0.5576923076923077,0.003520231213872833,0.125,0.125,0,False,False
200,planted,quantile_30,0.30159812531580643,-0.05165112083856782,0.13042776072087922,0.06942147867796443,1.8787810805055534,0.38250211327134404,0.00241440640284571,0.03761622992392223,0.038461538461538464,4,False,False
200,planted,hold_10,0.4520140509417123,-0.0538378868737206,0.18488016594961706,0.08636904706075291,2.140583603053654,0.24412393162393162,0.0030818882466281316,0.05742521367521368,0.0625,4,False,False
200,planted,hold_40,0.3682928680635489,-0.05145251823185015,0.15589184639583356,0.08480086297726798,1.8383285372652693,0.8215811965811965,0.002592967244701349,0.05715811965811966,0.0625,3,False,False
201,null,clean,0.04179375739618085,-0.12831530932013135,0.02295597555242901,0.0784208137259469,0.29272809681179857,0.35256410256410253,0.002225433526011561,0.05742521367521368,0.0625,1,False,False
201,null,period_end_leak,0.017249675665471864,-0.16021581107744554,0.011391379205617962,0.07857040997015774,0.14498306945254055,0.2927350427350427,0.0018477842003853568,0.05742521367521368,0.0625,1,True,False
201,planted,clean,0.7283659190723262,-0.04326436542956791,0.26933602752510544,0.08392954365672721,3.2090729413076864,0.35256410256410253,0.002225433526011561,0.05742521367521368,0.0625,1,False,True
201,planted,period_end_leak,1.1665523964954856,-0.04450179833035195,0.37955754085937254,0.08821781974783093,4.302504209969495,0.2927350427350427,0.0018477842003853568,0.05742521367521368,0.0625,1,True,True
201,planted,cost_0,0.736284455078388,-0.043264365429567575,0.271561461051117,0.08397379749725366,3.2338832962746316,0.35256410256410253,0.0,0.05742521367521368,0.0625,1,False,True
201,planted,cost_10,0.720480223923798,-0.043264365429567686,0.2671105939990938,0.08389609716558911,3.1838262210444292,0.35256410256410253,0.0044508670520231235,0.05742521367521368,0.0625,1,False,True
201,planted,cost_25,0.6970189561118185,-0.04470370388005884,0.26043429342105917,0.08386071020711153,3.1055579278766223,0.35256410256410253,0.011127167630057803,0.05742521367521368,0.0625,1,False,True
201,planted,extra_day,0.7254530097613419,-0.04806368964599195,0.26906342451902043,0.08435017492517931,3.18983837031383,0.35256410256410253,0.0022297297297297304,0.05742521367521368,0.0625,1,False,True
201,planted,quantile_10,1.1736321275833368,-0.053626611454646755,0.3843485385710811,0.11920028117775593,3.2243928854322594,0.5,0.003156069364161851,0.125,0.125,0,False,True
201,planted,quantile_30,0.5407563736843539,-0.038674556043604036,0.21227637098823254,0.06787773353313414,3.1273343987629025,0.3128698224852071,0.0019748777234326366,0.036770921386306,0.038461538461538464,2,False,True
201,planted,hold_10,0.7976696579252454,-0.0433767818192029,0.2884489304118195,0.08394592343353784,3.4361279096559354,0.18910256410256412,0.0023872832369942207,0.05742521367521368,0.0625,1,False,True
201,planted,hold_40,0.8254617323646776,-0.04874136459965095,0.29585777115045453,0.08338782142213402,3.5479733863382075,0.6495726495726495,0.0020500963391136794,0.05715811965811966,0.0625,1,False,True
202,null,clean,-0.20868053371381878,-0.21304820364967392,-0.11043363572801813,0.07985168617717417,-1.3829843928779293,0.4115918803418804,0.0025980250481695577,0.05822649572649573,0.0625,2,False,False
202,null,period_end_leak,-0.15619648112488504,-0.17582659236228781,-0.07932096604363074,0.07913599976137593,-1.0023373216085292,0.35657051282051283,0.0022507225433526013,0.05822649572649573,0.0625,2,True,False
202,planted,clean,0.2583365340689574,-0.06520903004216261,0.11485751086363706,0.0807950081772583,1.421591673233675,0.4115918803418804,0.002598025048169557,0.05822649572649573,0.0625,2,False,False
202,planted,period_end_leak,0.6677564697984666,-0.05763112169069429,0.2524725314659124,0.0895899963613768,2.8180884219206868,0.35657051282051283,0.0022507225433526013,0.05822649572649573,0.0625,2,True,True
202,planted,cost_0,0.2650930583431139,-0.06412031612992197,0.11745553591180662,0.08075455856464532,1.4544756110304484,0.4115918803418804,0.0,0.05822649572649573,0.0625,2,False,False
202,planted,cost_10,0.2516130513273891,-0.06629695204783503,0.1122594858154675,0.08084968391646721,1.3884962856682592,0.4115918803418804,0.005196050096339114,0.05822649572649573,0.0625,2,False,False
202,planted,cost_25,0.23163938526439365,-0.06955596959070443,0.10446541067095884,0.08109874272948031,1.2881261429591124,0.4115918803418804,0.012990125240847786,0.05822649572649573,0.0625,2,False,False
202,planted,extra_day,0.22925956707750417,-0.08229064106155481,0.10364915082059309,0.08022141156611547,1.2920384819602602,0.4115918803418804,0.002603040540540541,0.05822649572649573,0.0625,2,False,False
202,planted,quantile_10,0.40584769538857923,-0.11477411873443488,0.1719243301022175,0.11392486666552826,1.5091027545985176,0.47596153846153844,0.0030043352601156078,0.125,0.125,2,False,False
202,planted,quantile_30,0.2225239059987596,-0.051576106666037846,0.09959989342714627,0.06367920807662063,1.5640881291630522,0.3269230769230769,0.002063583815028902,0.038584812623274165,0.041666666666666664,2,False,False
202,planted,hold_10,0.2726539249141502,-0.06752848991163984,0.1205279953846406,0.08293321808862977,1.4533138609891363,0.22128739316239315,0.0027935934489402704,0.058360042735042736,0.0625,2,False,False
202,planted,hold_40,0.2579646808940095,-0.07399095888892693,0.11468904191740266,0.08048443034802324,1.424984204043876,0.7398504273504275,0.002335019267822736,0.05822649572649573,0.0625,2,False,False
203,null,clean,0.11665440802648241,-0.07498779937605671,0.056886760455708736,0.08131946305305333,0.6995466807078579,0.4204059829059829,0.002653660886319847,0.06169871794871795,0.0625,2,False,False
203,null,period_end_leak,0.07861534070869225,-0.11234614194617998,0.03982933270979081,0.07850126377649598,0.5073718663076618,0.36404914529914534,0.0022979287090558772,0.061431623931623935,0.0625,1,True,False
203,planted,clean,0.8139582109985171,-0.05093657452222655,0.2931137291516516,0.087228213864021,3.3603087369022946,0.4204059829059829,0.002653660886319847,0.06169871794871795,0.0625,2,False,True
203,planted,period_end_leak,1.3168817850261867,-0.03554016009896832,0.4121671510317996,0.08808054329634331,4.679434703815126,0.36404914529914534,0.0022979287090558772,0.061431623931623935,0.0625,1,True,True
203,planted,cost_0,0.8239060839408776,-0.05093657452222644,0.2957673900379714,0.08717242810012922,3.392900673802994,0.4204059829059829,0.0,0.06169871794871795,0.0625,2,False,True
203,planted,cost_10,0.8040602219553816,-0.05093657452222633,0.2904600682653318,0.08729711177986844,3.3272586268119206,0.4204059829059829,0.005307321772639693,0.06169871794871795,0.0625,2,False,True
203,planted,cost_25,0.774663275404792,-0.05093657452222622,0.28249908560637227,0.0875821395473463,3.2255330489346545,0.4204059829059829,0.01326830443159923,0.06169871794871795,0.0625,2,False,True
203,planted,extra_day,0.7987916242656075,-0.050936574522225886,0.2896326148086172,0.08779408506015306,3.2989991821222615,0.4204059829059829,0.0026587837837837836,0.06169871794871795,0.0625,2,False,True
203,planted,quantile_10,1.377500134644015,-0.051251976629277496,0.4278411275530076,0.11829814067307068,3.616634421460532,0.46634615384615385,0.0029436416184971106,0.125,0.125,1,False,True
203,planted,quantile_30,0.6237919422436977,-0.03444062700543249,0.23772846207833978,0.06700214913616843,3.5480721908666597,0.363905325443787,0.0022970208981769676,0.038461538461538464,0.038461538461538464,2,False,True
203,planted,hold_10,0.783320088802617,-0.05093657452222644,0.28476730202136125,0.0864594435887581,3.293651800211078,0.22222222222222227,0.002805394990366089,0.06169871794871795,0.0625,2,False,True
203,planted,hold_40,0.8725201544222276,-0.05093657452222644,0.30839171479103783,0.08525735427189376,3.6171860764943227,0.7574786324786325,0.0023906551059730253,0.061431623931623935,0.0625,2,False,True
204,null,clean,0.08351799454069297,-0.09143136853318867,0.042133850043469145,0.0798069450475099,0.5279471607187374,0.40865384615384615,0.002579479768786128,0.05929487179487179,0.0625,0,False,False
204,null,period_end_leak,0.12889374189264657,-0.09301874392917497,0.06215785204162578,0.08104516484507823,0.7669532434222762,0.3557692307692308,0.0022456647398843934,0.05929487179487179,0.0625,0,True,False
204,planted,clean,0.7436208844298156,-0.05335168411626001,0.2738015949362506,0.08621639971231333,3.175748417352976,0.40865384615384615,0.0025794797687861276,0.05929487179487179,0.0625,0,False,True
204,planted,period_end_leak,1.3885609809565298,-0.053060211328213924,0.42749754090569053,0.09373144006453722,4.560876698483926,0.3557692307692308,0.0022456647398843934,0.05929487179487179,0.0625,0,True,True
204,planted,cost_0,0.7528920360400615,-0.053351684116260456,0.27638107470503676,0.0862373984497414,3.2048865071702024,0.40865384615384615,0.0,0.05929487179487179,0.0625,0,False,True
204,planted,cost_10,0.7343947363462173,-0.0533516841162599,0.2712221151674645,0.08620823171552497,3.1461278090294127,0.40865384615384615,0.005158959537572255,0.05929487179487179,0.0625,0,False,True
204,planted,cost_25,0.7069843257280604,-0.05335168411626012,0.26348367586110605,0.0862607199897643,3.0545035549479653,0.40865384615384615,0.012897398843930636,0.05929487179487179,0.0625,0,False,True
204,planted,extra_day,0.69218219043282,-0.053351684116260345,0.2596949355556832,0.0856874616304079,3.0307227056837602,0.40865384615384615,0.00258445945945946,0.05929487179487179,0.0625,0,False,True
204,planted,quantile_10,1.120132093515526,-0.04901126265619027,0.3726331367556807,0.12257494330195437,3.0400433132383866,0.5096153846153846,0.003216763005780347,0.125,0.125,0,False,True
204,planted,quantile_30,0.5390983992292409,-0.036690720306755464,0.21193583036467448,0.07049761045515952,3.006283886735107,0.33555226824457596,0.0021180524677634504,0.03883136094674556,0.041666666666666664,0,False,True
204,planted,hold_10,0.8819910857789757,-0.05426476340215025,0.31118423909323467,0.08920670228640075,3.4883504391202416,0.2214209401709402,0.0027952793834296725,0.0594284188034188,0.0625,0,False,True
204,planted,hold_40,0.5036670597754858,-0.05532633125833952,0.20172215450247322,0.08475569676314615,2.3800424302592362,0.6976495726495728,0.002201830443159923,0.0592948717948718,0.0625,0,False,True
205,null,clean,-0.12070447903639936,-0.16811070509225956,-0.05934891774600587,0.07875592423676406,-0.7535803600956434,0.4433760683760684,0.0027986512524084775,0.05822649572649573,0.0625,1,False,False
205,null,period_end_leak,0.005981109067068724,-0.12463210883943532,0.005888829446338246,0.07737149614886052,0.07611109697308048,0.36485042735042733,0.002302986512524085,0.05822649572649573,0.0625,1,True,False
205,planted,clean,0.3841846613921105,-0.09809414382342929,0.16146067975672712,0.08435810256000245,1.9139913636853432,0.4433760683760684,0.0027986512524084775,0.05822649572649573,0.0625,1,False,False
205,planted,period_end_leak,1.0336678844439495,-0.10037140416473889,0.34901966143538316,0.09092330304551446,3.8386161714854397,0.36485042735042733,0.002302986512524085,0.05822649572649573,0.0625,1,True,True
205,planted,cost_0,0.3921889346768934,-0.09759310014809808,0.1642593310091356,0.08432494437610866,1.9479328711620751,0.4433760683760684,0.0,0.05822649572649573,0.0625,1,False,False
205,planted,cost_10,0.3762222501555321,-0.09859518749876006,0.15866202850431863,0.08440821993138067,1.8796987856550265,0.4433760683760684,0.005597302504816957,0.05822649572649573,0.0625,1,False,False
205,planted,cost_25,0.35258421806201845,-0.10009831852475082,0.1502660747470932,0.08465997502472945,1.7749364407820813,0.4433760683760684,0.013993256262042387,0.05822649572649573,0.0625,1,False,False
205,planted,extra_day,0.39994186180303215,-0.09608839926742208,0.16728846685025267,0.08450833547037453,1.9795498978783905,0.4433760683760684,0.0028040540540540536,0.05822649572649573,0.0625,1,False,False
205,planted,quantile_10,0.48315247046765597,-0.09911155018966922,0.19907577953967412,0.12351340687601724,1.6117746613491637,0.47596153846153844,0.003004335260115608,0.125,0.125,1,False,False
205,planted,quantile_30,0.3806527128695818,-0.07405177378728656,0.15891006949474984,0.0670257640692067,2.370880387587511,0.33780642434488584,0.0021322810137839043,0.037193575655114115,0.038461538461538464,1,False,False
205,planted,hold_10,0.4188553119778009,-0.09706597717092236,0.17342768249608279,0.0837203322112337,2.0715121155815486,0.2310363247863248,0.002916666666666666,0.058360042735042736,0.0625,1,False,False
205,planted,hold_40,0.2922963435017678,-0.08963659711139083,0.12793298126761957,0.08248284423862211,1.5510253368265363,0.7863247863247863,0.002481695568400771,0.05822649572649573,0.0625,1,False,False
206,null,clean,-0.06529524323717739,-0.13806160460509265,-0.029447613405811545,0.08168952123098816,-0.3604821397170935,0.35309829059829057,0.0022288053949903667,0.05715811965811966,0.0625,2,False,False
206,null,period_end_leak,-0.06569593173810129,-0.12693435522485597,-0.029952417290335213,0.077966441396246,-0.38417063487749986,0.31517094017094016,0.0019894026974951826,0.05715811965811966,0.0625,2,True,False
206,planted,clean,0.5094453547815441,-0.07555979846629512,0.20359923629598653,0.08492190673392824,2.397487811170919,0.35309829059829057,0.0022288053949903663,0.05715811965811966,0.0625,2,False,True
206,planted,period_end_leak,0.8974861343201257,-0.06180358548078424,0.31508969975540985,0.08832788259217096,3.5672733287431733,0.31517094017094016,0.001989402697495183,0.05715811965811966,0.0625,2,True,True
206,planted,cost_0,0.516381828747702,-0.07555979846629546,0.20582804169097693,0.08493187357400704,2.4234487363760397,0.35309829059829057,0.0,0.05715811965811966,0.0625,2,False,True
206,planted,cost_10,0.5025375710883322,-0.07555979846629579,0.20137043090099616,0.08492328381411511,2.371204007392922,0.35309829059829057,0.004457610789980733,0.05715811965811966,0.0625,2,False,True
206,planted,cost_25,0.4819852989314264,-0.07555979846629512,0.19468401471602506,0.08499545035226323,2.290522773973879,0.35309829059829057,0.01114402697495183,0.05715811965811966,0.0625,2,False,True
206,planted,extra_day,0.5542832904803154,-0.07555979846629568,0.21824938757460957,0.08506079464728183,2.565804710379388,0.35309829059829057,0.002233108108108109,0.05715811965811966,0.0625,2,False,True
206,planted,quantile_10,0.6126998080834776,-0.07717008410023674,0.239978578939289,0.1252305045683752,1.9162949136586924,0.4567307692307692,0.0028829479768786134,0.125,0.125,1,False,False
206,planted,quantile_30,0.534026345195393,-0.04555552601814239,0.21015421041238785,0.06792257428453553,3.094025993950517,0.3475274725274725,0.00219364161849711,0.03740490278951817,0.038461538461538464,3,False,True
206,planted,hold_10,0.5247780159170237,-0.07555979846629535,0.20841590883461455,0.08379596512689376,2.4871831062391436,0.19177350427350426,0.0024210019267822745,0.05729166666666667,0.0625,2,False,True
206,planted,hold_40,0.42581702753983675,-0.07555979846629501,0.17588333203737022,0.08467523992468491,2.077151859195334,0.6794871794871795,0.0021445086705202316,0.05715811965811966,0.0625,2,False,False
207,null,clean,0.11207809570129323,-0.09687087039800357,0.054721827678224526,0.07925034901306287,0.6904932074078906,0.38461538461538464,0.0024277456647398845,0.05795940170940171,0.0625,1,False,False
207,null,period_end_leak,0.030398344459474647,-0.16314525401844526,0.01768792965180191,0.07936880240519956,0.22285745930120207,0.30982905982905984,0.001955684007707129,0.05795940170940171,0.0625,1,True,False
207,planted,clean,0.6759680830087149,-0.0554135954468824,0.2541745024433071,0.08151949904648169,3.117959573063361,0.38461538461538464,0.002427745664739885,0.05795940170940171,0.0625,1,False,True
207,planted,period_end_leak,0.9917480982399904,-0.05011391906369955,0.3386732073034121,0.08848953787653006,3.8272683464113544,0.30982905982905984,0.001955684007707129,0.05795940170940171,0.0625,1,True,True
207,planted,cost_0,0.6843622213986351,-0.05541359544688218,0.25660224810804694,0.08151403618121963,3.147951691872751,0.38461538461538464,0.0,0.05795940170940171,0.0625,1,False,True
207,planted,cost_10,0.6676120059419415,-0.05541359544688207,0.2517467567785672,0.0815381557855001,3.0874718020460223,0.38461538461538464,0.004855491329479768,0.05795940170940171,0.0625,1,False,True
207,planted,cost_25,0.6427705878266738,-0.05541359544688218,0.24446351978434758,0.08167316685719986,2.9931926138210843,0.38461538461538464,0.012138728323699423,0.05795940170940171,0.0625,1,False,True
207,planted,extra_day,0.7161248323680782,-0.05593614944200154,0.26622534461723724,0.081959654884674,3.248248726667344,0.38461538461538464,0.002432432432432433,0.05795940170940171,0.0625,1,False,True
207,planted,quantile_10,0.4082762636390995,-0.19120547758489903,0.1734275645935801,0.11950785510656346,1.4511813005006007,0.5,0.0031560693641618513,0.125,0.125,0,False,False
207,planted,quantile_30,0.4833124748192996,-0.0653745849250299,0.19383815308788555,0.06821168571918824,2.841714744975992,0.34467455621301774,0.002175633614939974,0.038461538461538464,0.038461538461538464,1,False,True
207,planted,hold_10,0.6582943611211549,-0.06563791063729851,0.24895278754048217,0.08066098979446089,3.0864087853975004,0.2094017094017094,0.00264354527938343,0.05795940170940171,0.0625,1,False,True
207,planted,hold_40,0.5947102150786638,-0.09297830006410746,0.23013041812301374,0.08284849863118815,2.777725872226991,0.6933760683760684,0.0021883429672447012,0.057692307692307696,0.0625,1,False,True
208,null,clean,0.4163539809980239,-0.061897819762628314,0.1723124514606656,0.08060111775847138,2.137841958681214,0.3563034188034188,0.002249036608863199,0.05876068376068376,0.0625,1,False,False
208,null,period_end_leak,0.4524499972566052,-0.03908693046387279,0.18444683440952547,0.07944917253958615,2.321570238099377,0.296474358974359,0.0018713872832369937,0.05876068376068376,0.0625,1,True,True
208,planted,clean,1.4040247760000635,-0.04486473709480776,0.4300359439821675,0.08706460889519148,4.939273827093688,0.3563034188034188,0.002249036608863199,0.05876068376068376,0.0625,1,False,True
208,planted,period_end_leak,2.1010910006962997,-0.03738201096820737,0.5540767442126862,0.08911163987433388,6.217781930554199,0.296474358974359,0.0018713872832369937,0.05876068376068376,0.0625,1,True,True
208,planted,cost_0,1.415170851981555,-0.04486473709480787,0.4322849805910306,0.08705600621823119,4.965596279564936,0.3563034188034188,0.0,0.05876068376068376,0.0625,1,False,True
208,planted,cost_10,1.3929256061947157,-0.04486473709480798,0.4277869073733042,0.08708356509798078,4.912372465366871,0.3563034188034188,0.004498073217726397,0.05876068376068376,0.0625,1,False,True
208,planted,cost_25,1.3599077488828493,-0.04486473709480798,0.4210397975467146,0.08720246890234802,4.828301341080237,0.3563034188034188,0.011245183044315994,0.05876068376068376,0.0625,1,False,True
208,planted,extra_day,1.3865992850719282,-0.04486473709480787,0.4273830944433461,0.08785040377545632,4.8648961880212624,0.3563034188034188,0.0022533783783783784,0.05876068376068376,0.0625,1,False,True
208,planted,quantile_10,1.8704610314077041,-0.05998000749579291,0.5203567640440279,0.12540374828521883,4.149451441120613,0.41346153846153844,0.002609826589595376,0.125,0.125,0,False,True
208,planted,quantile_30,0.9422641588189902,-0.03860216981879627,0.3250022789151635,0.07024380642623511,4.626774878101986,0.31508875739644976,0.0019888839484215205,0.038461538461538464,0.038461538461538464,1,False,True
208,planted,hold_10,1.6284124959040813,-0.04486473709480754,0.473569063896071,0.0885344530864266,5.348980508568533,0.18723290598290598,0.002363680154142582,0.05876068376068376,0.0625,1,False,True
208,planted,hold_40,1.1406547654291228,-0.04486473709480787,0.37347766320511405,0.08553605101379097,4.366318748394152,0.6527777777777778,0.0020602119460500974,0.05876068376068376,0.0625,1,False,True
209,null,clean,0.005232703746880674,-0.17074531192395292,0.00632161514387996,0.08705405985643624,0.0726171203767538,0.40625,0.0025643063583815034,0.0625,0.0625,1,False,False
209,null,period_end_leak,-0.07512860076239336,-0.1916306723107083,-0.03437116692768126,0.08422266614638015,-0.40809877554747204,0.3173076923076923,0.0020028901734104048,0.0625,0.0625,0,True,False
209,planted,clean,0.5898428629953845,-0.09405023344296226,0.22951967782447552,0.09284109504405309,2.4721776247422382,0.40625,0.0025643063583815034,0.0625,0.0625,1,False,False
209,planted,period_end_leak,0.9227593264398575,-0.0938595673849878,0.32223360886765373,0.09602331461607988,3.3557851044405953,0.3173076923076923,0.0020028901734104048,0.0625,0.0625,0,True,False
209,planted,cost_0,0.5982422715078555,-0.09393676249222083,0.23208398418285706,0.09287921058262735,2.498772144239858,0.40625,0.0,0.0625,0.0625,1,False,False
209,planted,cost_10,0.581484027255228,-0.0941637043937027,0.22695537146609404,0.09281454091099331,2.445256629386749,0.40625,0.005128612716763006,0.0625,0.0625,1,False,False
209,planted,cost_25,0.556649170395805,-0.09482595341884648,0.21926245239094952,0.09280432458249611,2.362631842614636,0.40625,0.012821531791907514,0.0625,0.0625,1,False,False
209,planted,extra_day,0.5102977684088827,-0.0962858398363654,0.20496206374491643,0.09282459097095078,2.2080578174490295,0.40625,0.0025692567567567573,0.0625,0.0625,1,False,False
209,planted,quantile_10,0.6391756582455896,-0.0654029143003173,0.24772734885089953,0.1238554896010961,2.000132167324679,0.5192307692307693,0.003277456647398845,0.125,0.125,0,False,False
209,planted,quantile_30,0.6528553546659532,-0.062159374871175954,0.24675906935630726,0.07285877338806968,3.3868133909143334,0.3387573964497041,0.002138283681636283,0.038584812623274165,0.041666666666666664,1,False,True
209,planted,hold_10,0.5867106853430677,-0.09785196533738605,0.2284507102160783,0.09163624825790181,2.4930168416882887,0.21314102564102566,0.0026907514450867065,0.062366452991452985,0.0625,0,False,True
209,planted,hold_40,0.49410812542288673,-0.09051144157396107,0.19938382323814255,0.09330598193017713,2.1368814636916396,0.7115384615384616,0.002245664739884394,0.0625,0.0625,2,False,False
210,null,clean,-0.08071550545993844,-0.15795037544251522,-0.03779225104959775,0.07833303363182038,-0.48245611458415183,0.42094017094017094,0.002657032755298651,0.05929487179487179,0.0625,0,False,False
210,null,period_end_leak,-0.028432332767712953,-0.1327947064698286,-0.010873469100537702,0.07914827559489498,-0.1373809981179051,0.36004273504273504,0.0022726396917148364,0.05929487179487179,0.0625,1,True,False
210,planted,clean,0.463618646100574,-0.05240100663601466,0.18853157313510835,0.08386199393410551,2.2481169870972413,0.42094017094017094,0.002657032755298652,0.05929487179487179,0.0625,0,False,True
210,planted,period_end_leak,0.9797204487517501,-0.04746216530809111,0.33585415062182455,0.08988958322839441,3.736296671533956,0.36004273504273504,0.0022726396917148364,0.05929487179487179,0.0625,1,True,True
210,planted,cost_0,0.4716379252617735,-0.05240100663601466,0.19118860589040698,0.0838869362444941,2.2791225243126654,0.42094017094017094,0.0,0.05929487179487179,0.0625,0,False,True
210,planted,cost_10,0.455639309071864,-0.05240100663601477,0.18587454037980972,0.0838517206178322,2.216705143439609,0.42094017094017094,0.005314065510597302,0.05929487179487179,0.0625,0,False,False
210,planted,cost_25,0.4319391473811063,-0.052401006636014436,0.17790344211391376,0.08390893004667363,2.1201967658860212,0.42094017094017094,0.013285163776493256,0.05929487179487179,0.0625,0,False,False
210,planted,extra_day,0.46231861172572586,-0.05654492915050746,0.18849489160595256,0.08432177174258464,2.235423754868256,0.42094017094017094,0.002662162162162162,0.05929487179487179,0.0625,0,False,False
210,planted,quantile_10,0.7949528659594507,-0.07076889361133898,0.29163130889058864,0.12201355027715097,2.390155095300111,0.4519230769230769,0.0028526011560693646,0.125,0.125,0,False,True
210,planted,quantile_30,0.39566505829590937,-0.04624208528722096,0.16394337543502874,0.06364534030913392,2.5758896823983326,0.360207100591716,0.0022736771898621603,0.038355874894336436,0.038461538461538464,2,False,True
210,planted,hold_10,0.4261164523872598,-0.05240100663601455,0.17583574786100012,0.08286466793427968,2.121962861185375,0.21714743589743588,0.002741329479768788,0.05929487179487179,0.0625,0,False,False
210,planted,hold_40,0.5174251678511315,-0.05240100663601466,0.20609737628939612,0.08413490283238251,2.4496061604776913,0.7489316239316239,0.0023636801541425828,0.05929487179487179,0.0625,0,False,True
211,null,clean,-0.14683017908830454,-0.17754455640093847,-0.07388580316645658,0.0800578746385947,-0.9229048797510463,0.3627136752136752,0.0022894990366088635,0.05742521367521368,0.0625,0,False,False
211,null,period_end_leak,-0.14668184682782892,-0.1700304387622299,-0.07387022220044119,0.07919568681874119,-0.932755623036787,0.30235042735042733,0.0019084778420038542,0.05742521367521368,0.0625,0,True,False
211,planted,clean,0.3328507222500028,-0.06283797661497248,0.14304676635704167,0.08369438046715535,1.7091561650686729,0.3627136752136752,0.0022894990366088635,0.05742521367521368,0.0625,0,False,False
211,planted,period_end_leak,0.6704213052005101,-0.08215741616444638,0.2530561949746122,0.08736122099505242,2.896665043050895,0.30235042735042733,0.0019084778420038542,0.05742521367521368,0.0625,0,True,False
211,planted,cost_0,0.3391471825629613,-0.06231565980599163,0.14533626539365055,0.08369294897036383,1.736541335699797,0.3627136752136752,0.0,0.05742521367521368,0.0625,0,False,False
211,planted,cost_10,0.3265812901152094,-0.0633602934239531,0.1407572673204328,0.08370683330587475,1.681550499062472,0.3627136752136752,0.004578998073217727,0.05742521367521368,0.0625,0,False,False
211,planted,cost_25,0.3079341128167439,-0.06492724385089599,0.13388877021060624,0.08381024900569281,1.5975226395224271,0.3627136752136752,0.011447495183044316,0.05742521367521368,0.0625,0,False,False
211,planted,extra_day,0.3459172271851132,-0.05966000100453239,0.14800754378738298,0.08300919327270609,1.78302592703366,0.3627136752136752,0.002293918918918919,0.05742521367521368,0.0625,0,False,False
211,planted,quantile_10,0.4176843630755849,-0.10256033169357592,0.1764880793015364,0.11809781980392639,1.4944228402738788,0.4326923076923077,0.0027312138728323707,0.125,0.125,0,False,False
211,planted,quantile_30,0.2630565232017983,-0.042712525425260495,0.11563270879345386,0.06656814400791658,1.7370577250839727,0.34858410819949276,0.0022003112494441974,0.03782755705832629,0.038461538461538464,2,False,False
211,planted,hold_10,0.4451249702225999,-0.059351435272099407,0.18240110635895548,0.08442461740635095,2.1605203785647733,0.20085470085470086,0.0025356454720616567,0.05742521367521368,0.0625,0,False,False
211,planted,hold_40,0.4359291486744774,-0.04869340205784445,0.1790321416204803,0.08119956424565873,2.204841162433358,0.6228632478632478,0.001965799614643546,0.05715811965811966,0.0625,0,False,False
212,null,clean,0.13715260360349868,-0.0695936908318121,0.06521084060407581,0.07481158110915408,0.8716677235965609,0.4172008547008547,0.0026334296724470135,0.05929487179487179,0.0625,1,False,False
212,null,period_end_leak,0.13920268033385197,-0.06090252290246534,0.06596878045645549,0.07322231707246166,0.900938171502713,0.34775641025641024,0.0021950867052023125,0.05929487179487179,0.0625,0,True,False
212,planted,clean,0.8216273994155727,-0.05004567822730599,0.2947444724315972,0.08227041796477517,3.582630059784001,0.4172008547008547,0.002633429672447014,0.05929487179487179,0.0625,1,False,True
212,planted,period_end_leak,1.3110638477991126,-0.04763193148625111,0.41061778537164456,0.08427316219294767,4.872462058935375,0.34775641025641024,0.0021950867052023125,0.05929487179487179,0.0625,0,True,True
212,planted,cost_0,0.831516915954672,-0.05004567822730588,0.29737790210404413,0.0822891285720888,3.613817611928268,0.4172008547008547,0.0,0.05929487179487179,0.0625,1,False,True
212,planted,cost_10,0.8117865846274612,-0.05004567822730577,0.2921110427591502,0.08226670394439906,3.5507809205116203,0.4172008547008547,0.005266859344894027,0.05929487179487179,0.0625,1,False,True
212,planted,cost_25,0.7825541837227754,-0.05004567822730577,0.28421075374180915,0.08234552072939114,3.451441574773689,0.4172008547008547,0.013167148362235068,0.05929487179487179,0.0625,1,False,True
212,planted,extra_day,0.767427578888219,-0.05004567822730577,0.2805792802462566,0.08206406980120214,3.4190271202238924,0.4172008547008547,0.0026385135135135137,0.05929487179487179,0.0625,1,False,True
212,planted,quantile_10,1.2975828483926701,-0.07327733684223481,0.41205018254262693,0.12516451337841092,3.29206874553071,0.4807692307692308,0.0030346820809248566,0.125,0.125,0,False,True
212,planted,quantile_30,0.5826391068477794,-0.03604667415780616,0.22520708652253263,0.06630516583108736,3.3965239917542545,0.35059171597633143,0.002212983548243664,0.038461538461538464,0.038461538461538464,1,False,True
212,planted,hold_10,0.9534154166182192,-0.05004567822730599,0.3286855160699506,0.08207982377722102,4.004461765927526,0.22649572649572652,0.0028593448940269746,0.05929487179487179,0.0625,1,False,True
212,planted,hold_40,0.7058146036630719,-0.05004567822730599,0.262937079481582,0.0837544065335939,3.139382038079608,0.7211538461538461,0.0022760115606936418,0.05929487179487179,0.0625,1,False,True
213,null,clean,-0.32003688816900877,-0.3262492759266935,-0.18418580289823477,0.07778329924701234,-2.3679350796541248,0.40972222222222227,0.002586223506743738,0.057692307692307696,0.0625,0,False,False
213,null,period_end_leak,-0.12646694379873102,-0.15939974175762261,-0.06258356480942649,0.0781982464429819,-0.8003192866359118,0.3311965811965812,0.0020905587668593453,0.057692307692307696,0.0625,0,True,False
213,planted,clean,0.056013974505471076,-0.09192558813207807,0.02994801519510688,0.08347694575399053,0.3587579172262091,0.40972222222222227,0.002586223506743737,0.057692307692307696,0.0625,0,False,False
213,planted,period_end_leak,0.7644782970456037,-0.056529233755077346,0.2798240501061817,0.08900542244075689,3.1438989045014205,0.3311965811965812,0.0020905587668593453,0.057692307692307696,0.0625,0,True,True
213,planted,cost_0,0.06165597270842982,-0.09132187069589537,0.032534238701850626,0.08346187251630241,0.3898095947403504,0.40972222222222227,0.0,0.057692307692307696,0.0625,0,False,False
213,planted,cost_10,0.05039937163915331,-0.09252919380529401,0.02736179168836315,0.08350600181128592,0.32766257628041745,0.40972222222222227,0.005172447013487476,0.057692307692307696,0.0625,0,False,False
213,planted,cost_25,0.03371873088668953,-0.09433934024715518,0.019603121168131933,0.08367688618973446,0.2342716377337767,0.40972222222222227,0.01293111753371869,0.057692307692307696,0.0625,0,False,False
213,planted,extra_day,0.058734092236792046,-0.08546616789657835,0.03127472779372458,0.08376577303961877,0.3733592690529168,0.40972222222222227,0.0025912162162162163,0.057692307692307696,0.0625,0,False,False
213,planted,quantile_10,0.20045176482377425,-0.11973928336909001,0.0968498205565767,0.12759882108603546,0.7590181455616603,0.4230769230769231,0.002670520231213874,0.125,0.125,0,False,False
213,planted,quantile_30,0.11093834149273141,-0.04899403185780493,0.05325843905931276,0.06588540272128389,0.808349601877867,0.34467455621301774,0.0021756336149399737,0.038461538461538464,0.038461538461538464,1,False,False
213,planted,hold_10,0.1438910073691677,-0.09905055930296269,0.06877083657812182,0.08352903608203453,0.823316535229515,0.22569444444444445,0.0028492292870905584,0.057825854700854704,0.0625,0,False,False
213,planted,hold_40,-0.026552048420306118,-0.1371230373732616,-0.009563313461789008,0.08370749396190952,-0.1142468016799156,0.7307692307692307,0.0023063583815028906,0.057692307692307696,0.0625,1,False,False
214,null,clean,-0.1371773987769015,-0.20274279939264117,-0.06823319263986334,0.08243144155142217,-0.8277568771777245,0.39316239316239315,0.0024816955684007712,0.058493589743589744,0.0625,2,False,False
214,null,period_end_leak,-0.189827320965141,-0.27316608188913016,-0.0990460993253032,0.07929718186920248,-1.2490494238329402,0.3114316239316239,0.001965799614643546,0.058493589743589744,0.0625,2,True,False
214,planted,clean,0.44402524344511085,-0.09567935169703701,0.1822071453441839,0.08650466710873314,2.106327339716322,0.39316239316239315,0.0024816955684007717,0.058493589743589744,0.0625,2,False,False
214,planted,period_end_leak,0.6130878435119689,-0.10801212256406878,0.2360507361787097,0.08700058888220545,2.7132084875691005,0.3114316239316239,0.001965799614643546,0.058493589743589744,0.0625,2,True,False
214,planted,cost_0,0.4514022740577146,-0.09567935169703667,0.18468884091258464,0.08657148335989007,2.1333680993405952,0.39316239316239315,0.0,0.058493589743589744,0.0625,2,False,False
214,planted,cost_10,0.4366822738620666,-0.0956793516970369,0.1797254497757831,0.08645098392603309,2.078928909930685,0.39316239316239315,0.004963391136801543,0.058493589743589744,0.0625,2,False,False
214,planted,cost_25,0.4148563137387842,-0.09567935169703634,0.17228036307058076,0.08636894772249792,1.9947025825081826,0.39316239316239315,0.012408477842003853,0.058493589743589744,0.0625,2,False,False
214,planted,extra_day,0.41569026374342566,-0.09567935169703656,0.17292577841393994,0.0867540267092457,1.9932882077450662,0.39316239316239315,0.002486486486486487,0.058493589743589744,0.0625,2,False,False
214,planted,quantile_10,0.5171668201961994,-0.1527744766851753,0.20995833470200784,0.12239135442181141,1.7154670417193383,0.5144230769230769,0.0032471098265895973,0.125,0.125,2,False,False
214,planted,quantile_30,0.5162863589829214,-0.050236315031367496,0.20459835040639818,0.06934730044013004,2.9503434035335685,0.3127641589180051,0.001974210760337928,0.03793322062552832,0.038461538461538464,4,False,True
214,planted,hold_10,0.4960567075230551,-0.09567935169703623,0.19927070590028637,0.08489264680791336,2.3473258685310676,0.21047008547008547,0.002657032755298652,0.058627136752136745,0.0625,2,False,False
214,planted,hold_40,0.5231495723172133,-0.07286709451681772,0.20809614273359378,0.08612316928773375,2.416262016999789,0.7072649572649573,0.0022321772639691713,0.05822649572649573,0.0625,2,False,True
215,null,clean,0.04896135774988708,-0.07841612874053028,0.026883699446070282,0.08571519278029736,0.3136398411303558,0.44017094017094016,0.0027784200385356462,0.062232905982905984,0.0625,0,False,False
215,null,period_end_leak,-0.06970196165761111,-0.13328180078996765,-0.03161303831670495,0.0832551431761306,-0.3797127373839947,0.35844017094017094,0.0022625240847784205,0.062232905982905984,0.0625,0,True,False
215,planted,clean,0.6631626989557744,-0.05163626034910174,0.25115903834819736,0.08982624098355638,2.7960541997318424,0.44017094017094016,0.0027784200385356462,0.062232905982905984,0.0625,0,False,True
215,planted,period_end_leak,0.9967431852579429,-0.05229993470996319,0.3402433952618174,0.09233885846625646,3.6847260288164945,0.35844017094017094,0.0022625240847784205,0.062232905982905984,0.0625,0,True,True
215,planted,cost_0,0.6726771949210213,-0.05110243813333959,0.253937458386733,0.08989231936968457,2.8249071796936107,0.44017094017094016,0.0,0.062232905982905984,0.0625,0,False,True
215,planted,cost_10,0.6536981225902125,-0.05217002316172836,0.24838061830966168,0.08977359779034264,2.766744615602129,0.44017094017094016,0.0055568400770712924,0.062232905982905984,0.0625,0,False,True
215,planted,cost_25,0.6256015149143905,-0.05377095518078845,0.2400453581940547,0.08969648573746462,2.676195797644189,0.44017094017094016,0.01389210019267823,0.062232905982905984,0.0625,0,False,True
215,planted,extra_day,0.6502042785979529,-0.0534749723902147,0.24783254190763696,0.08988489938160613,2.757221108469672,0.44017094017094016,0.002783783783783784,0.062232905982905984,0.0625,0,False,True
215,planted,quantile_10,0.7447221764959508,-0.07690416235965503,0.2777437788033334,0.12134314232125776,2.2889120348309646,0.46153846153846156,0.002913294797687863,0.125,0.125,0,False,False
215,planted,quantile_30,0.4656066546913613,-0.039071260171947175,0.1881254330668814,0.06998768634956523,2.687979027157112,0.34911242603550297,0.0022036460649177414,0.038461538461538464,0.038461538461538464,0,False,True
215,planted,hold_10,0.6383255368051395,-0.055784655543777095,0.24382662115550346,0.08961052534984999,2.7209596216914895,0.23237179487179488,0.0029335260115606948,0.062366452991452985,0.0625,0,False,True
215,planted,hold_40,0.6152091774059572,-0.05570709987236644,0.23672422144687744,0.08738779658842889,2.708893354546742,0.7371794871794872,0.0023265895953757227,0.06196581196581197,0.0625,0,False,True
216,null,clean,0.11488603479267434,-0.08124956164244013,0.055966423672778855,0.07942681423005898,0.7046288361846248,0.3936965811965812,0.0024850674373795762,0.05742521367521368,0.0625,1,False,False
216,null,period_end_leak,-0.027472932141935913,-0.11362565850576667,-0.010413931798604593,0.07889069618019957,-0.132004562043887,0.3386752136752137,0.0021377649325626203,0.05742521367521368,0.0625,0,True,False
216,planted,clean,0.7139558170069509,-0.050752374851312565,0.26526789879469664,0.08387594278133177,3.1626219628465053,0.3936965811965812,0.0024850674373795767,0.05742521367521368,0.0625,1,False,True
216,planted,period_end_leak,0.9167669098989215,-0.045903674585055065,0.32007009929950986,0.08904857116510463,3.5943316676700974,0.3386752136752137,0.0021377649325626203,0.05742521367521368,0.0625,0,True,True
216,planted,cost_0,0.7227435120215651,-0.050752374851312454,0.26775296623207623,0.08386847972336717,3.1925339187646653,0.3936965811965812,0.0,0.05742521367521368,0.0625,1,False,True
216,planted,cost_10,0.7052092730912416,-0.050752374851312676,0.26278283135731706,0.0838955802231443,3.1322607300452656,0.3936965811965812,0.0049701348747591525,0.05742521367521368,0.0625,1,False,True
216,planted,cost_25,0.6792147930485848,-0.05075237485131212,0.25532762904517836,0.08402742703769353,3.0386224837116806,0.3936965811965812,0.012425337186897879,0.05742521367521368,0.0625,1,False,True
216,planted,extra_day,0.6915246497137755,-0.05075237485131212,0.25940427549962103,0.08442142481163126,3.0727303652885203,0.3936965811965812,0.0024898648648648647,0.05742521367521368,0.0625,1,False,True
216,planted,quantile_10,0.685258354893509,-0.07902796713627003,0.26089749298294374,0.12135630814179024,2.149846983463904,0.46153846153846156,0.0029132947976878622,0.125,0.125,0,False,False
216,planted,quantile_30,0.5522082361778753,-0.05288279711739918,0.2160454500222422,0.07030554243570987,3.0729504749899714,0.3269230769230769,0.002063583815028903,0.038461538461538464,0.038461538461538464,1,False,True
216,planted,hold_10,0.7629961443479574,-0.050752374851312565,0.27896295145625494,0.08367431507281356,3.333913772864479,0.20753205128205127,0.0026199421965317922,0.05742521367521368,0.0625,1,False,True
216,planted,hold_40,0.6931568129864685,-0.06622399099416387,0.2592540546131934,0.0829226148174944,3.1264577845716692,0.7126068376068376,0.002249036608863198,0.05715811965811966,0.0625,1,False,True
217,null,clean,0.08277537428539761,-0.07126232308898439,0.04128691681828621,0.07309573051964495,0.5648334933486996,0.38888888888888895,0.0024547206165703274,0.05715811965811966,0.0625,3,False,False
217,null,period_end_leak,0.18763785885998963,-0.05782720678401654,0.0862394983670622,0.07388791654632619,1.1671664650740536,0.3199786324786325,0.002019749518304432,0.05715811965811966,0.0625,2,True,False
217,planted,clean,0.7322747327224259,-0.040671042533809376,0.27007796254935845,0.07958982938558316,3.3933728044689104,0.38888888888888895,0.002454720616570327,0.05715811965811966,0.0625,3,False,True
217,planted,period_end_leak,1.5895281342860406,-0.045647847813761855,0.46595141223751546,0.08429063807655283,5.527914165441932,0.3199786324786325,0.002019749518304432,0.05715811965811966,0.0625,2,True,True
217,planted,cost_0,0.7410448324113024,-0.04059070746998228,0.2725326831659287,0.07959136873946861,3.424148717155839,0.38888888888888895,0.0,0.05715811965811966,0.0625,3,False,True
217,planted,cost_10,0.7235448881091062,-0.04075137759763625,0.2676232419327881,0.07960191693861227,3.362020064657173,0.38888888888888895,0.004909441233140656,0.05715811965811966,0.0625,3,False,True
217,planted,cost_25,0.6975952155109288,-0.04099238278911743,0.26025908008307713,0.07971984411397236,3.2646712117373795,0.38888888888888895,0.01227360308285164,0.05715811965811966,0.0625,3,False,True
217,planted,extra_day,0.65428363544514,-0.0414810593629199,0.24813977379335264,0.07933349552626566,3.127805880067377,0.38888888888888895,0.00245945945945946,0.05715811965811966,0.0625,3,False,True
217,planted,quantile_10,0.657480575398582,-0.05796123432232281,0.25256440775830813,0.11938077417715033,2.1156204547938793,0.4519230769230769,0.0028526011560693638,0.125,0.125,2,False,False
217,planted,quantile_30,0.6264712363724558,-0.036386594185785937,0.23844289066834384,0.0656878713252724,3.629937853939965,0.3359044801352493,0.002120275678079147,0.036770921386306,0.038461538461538464,4,False,True
217,planted,hold_10,0.7235156653832606,-0.04191881527917085,0.2676999835292894,0.08066687556747705,3.318586243065297,0.2094017094017094,0.0026435452793834306,0.05729166666666667,0.0625,3,False,True
217,planted,hold_40,0.6604426910778389,-0.040671042533809376,0.24959505016725025,0.0808724470543064,3.08628042378445,0.6891025641025641,0.0021748554913294804,0.05715811965811966,0.0625,4,False,True
218,null,clean,0.19478325117460749,-0.07776959134570993,0.08958165444506169,0.07948731731382572,1.1269930533871497,0.4262820512820513,0.0026907514450867052,0.059561965811965815,0.0625,2,False,False
218,null,period_end_leak,0.2603407814865646,-0.13239030007133124,0.11580229508046097,0.08288544284645567,1.397136711870906,0.3472222222222222,0.0021917148362235067,0.059561965811965815,0.0625,3,True,False
218,planted,clean,0.8396320670210817,-0.03223489485412889,0.2995193378953988,0.08218666193212994,3.644378915677863,0.4262820512820513,0.0026907514450867052,0.059561965811965815,0.0625,2,False,True
218,planted,period_end_leak,1.5229406174063724,-0.04435287052793635,0.4536406683289275,0.08847610205343584,5.127267790967416,0.3472222222222222,0.0021917148362235067,0.059561965811965815,0.0625,3,True,True
218,planted,cost_0,0.8498485241038778,-0.03223489485412878,0.30221008934048554,0.08216893925920842,3.67791153281339,0.4262820512820513,0.0,0.059561965811965815,0.0625,2,False,True
218,planted,cost_10,0.8294668441405528,-0.03223489485412856,0.29682858645031207,0.08222077757067967,3.6101408332601643,0.4262820512820513,0.0053815028901734105,0.059561965811965815,0.0625,2,False,True
218,planted,cost_25,0.7992762699808691,-0.03223489485412867,0.288756332115052,0.08242122981355869,3.503421785482145,0.4262820512820513,0.013453757225433526,0.059561965811965815,0.0625,2,False,True
218,planted,extra_day,0.8544972055073292,-0.03223489485412878,0.30401678602564675,0.08225351986818044,3.6960945441953648,0.4262820512820513,0.0026959459459459465,0.059561965811965815,0.0625,2,False,True
218,planted,quantile_10,1.1755398143197717,-0.055915415144941805,0.38402977656522214,0.1128158389175458,3.4040413141447248,0.5048076923076923,0.0031864161849710984,0.125,0.125,1,False,True
218,planted,quantile_30,0.6711147924569167,-0.031925675668743936,0.251814060082362,0.06885301239350498,3.6572700500481816,0.3579881656804734,0.0022596709648732773,0.03803888419273035,0.038461538461538464,2,False,True
218,planted,hold_10,0.8341805852374862,-0.03568393516394874,0.2981219737341383,0.08274100807948694,3.60307398536577,0.22916666666666669,0.0028930635838150297,0.05956196581196581,0.0625,2,False,True
218,planted,hold_40,0.7638450800805174,-0.03528265942497322,0.2788949480613383,0.08003190427057394,3.4847971018963015,0.7724358974358974,0.002437861271676301,0.05929487179487179,0.0625,2,False,True
219,null,clean,3.311862864152637e-05,-0.11160747770000012,0.003223860493891265,0.08015181392274977,0.040221928065139224,0.3712606837606838,0.0023434489402697502,0.05795940170940171,0.0625,1,False,False
219,null,period_end_leak,-0.03723836810705783,-0.12807451301295247,-0.015542158482830554,0.07598801513279559,-0.20453433947010324,0.31410256410256415,0.001982658959537573,0.05795940170940171,0.0625,1,True,False
219,planted,clean,0.7017141525407988,-0.0673756221202707,0.2621043129853608,0.08774229321554541,2.9872060938900047,0.3712606837606838,0.0023434489402697502,0.05795940170940171,0.0625,1,False,True
219,planted,period_end_leak,1.0271997939540265,-0.05659016115753768,0.34705425322662975,0.08622251267944445,4.025100202274294,0.31410256410256415,0.001982658959537573,0.05795940170940171,0.0625,1,True,True
219,planted,cost_0,0.7099335981997299,-0.06737562212027093,0.2644477619256305,0.08775892243551862,3.013343311273393,0.3712606837606838,0.0,0.05795940170940171,0.0625,1,False,True
219,planted,cost_10,0.6935309285912938,-0.06737562212027004,0.2597608640450911,0.08773617748967164,2.960704141409287,0.3712606837606838,0.0046868978805395005,0.05795940170940171,0.0625,1,False,True
219,planted,cost_25,0.6691971346113261,-0.06737562212027093,0.2527305172242818,0.08778091436303635,2.8791055442765368,0.3712606837606838,0.011717244701348746,0.05795940170940171,0.0625,1,False,True
219,planted,extra_day,0.7158120934610654,-0.06737562212027148,0.2666482027442274,0.0880558230161999,3.028172284474263,0.3712606837606838,0.002347972972972974,0.05795940170940171,0.0625,1,False,True
219,planted,quantile_10,0.7521162826389924,-0.08356501688700568,0.28056353982962223,0.12763966123747525,2.198090602165029,0.46634615384615385,0.00294364161849711,0.125,0.125,1,False,False
219,planted,quantile_30,0.569530851408643,-0.05805376164224596,0.2215302604218806,0.07163812722107644,3.0923513639355003,0.32248520710059164,0.0020355713650511338,0.038584812623274165,0.041666666666666664,2,False,True
219,planted,hold_10,0.7240098815308671,-0.06737562212027093,0.26830013432915867,0.08622007364777252,3.1118059052607894,0.20539529914529914,0.002592967244701349,0.05795940170940171,0.0625,1,False,True
219,planted,hold_40,0.6265117212047362,-0.07984038446121067,0.24026006932346303,0.0891354221590343,2.6954499513649472,0.641025641025641,0.0020231213872832373,0.05822649572649573,0.0625,1,False,False
